/Users/bj/LBPH/bj_face/src/face_detection/cropped_faces/s34/s34_10.jpg.jpg;0
/Users/bj/LBPH/bj_face/src/face_detection/cropped_faces/s34/s34_09.jpg.jpg;0
/Users/bj/LBPH/bj_face/src/face_detection/cropped_faces/s34/s34_08.jpg.jpg;0
/Users/bj/LBPH/bj_face/src/face_detection/cropped_faces/s34/s34_11.jpg.jpg;0
/Users/bj/LBPH/bj_face/src/face_detection/cropped_faces/s34/s34_01.jpg.jpg;0
/Users/bj/LBPH/bj_face/src/face_detection/cropped_faces/s34/s34_03.jpg.jpg;0
/Users/bj/LBPH/bj_face/src/face_detection/cropped_faces/s34/s34_13.jpg.jpg;0
/Users/bj/LBPH/bj_face/src/face_detection/cropped_faces/s34/s34_12.jpg.jpg;0
/Users/bj/LBPH/bj_face/src/face_detection/cropped_faces/s34/s34_02.jpg.jpg;0
/Users/bj/LBPH/bj_face/src/face_detection/cropped_faces/s34/s34_07.jpg.jpg;0
/Users/bj/LBPH/bj_face/src/face_detection/cropped_faces/s34/s34_06.jpg.jpg;0
/Users/bj/LBPH/bj_face/src/face_detection/cropped_faces/s34/s34_04.jpg.jpg;0
/Users/bj/LBPH/bj_face/src/face_detection/cropped_faces/s34/s34_14.jpg.jpg;0
/Users/bj/LBPH/bj_face/src/face_detection/cropped_faces/s34/s34_15.jpg.jpg;0
/Users/bj/LBPH/bj_face/src/face_detection/cropped_faces/s34/s34_05.jpg.jpg;0
/Users/bj/LBPH/bj_face/src/face_detection/cropped_faces/s33/s33_02.jpg.jpg;1
/Users/bj/LBPH/bj_face/src/face_detection/cropped_faces/s33/s33_12.jpg.jpg;1
/Users/bj/LBPH/bj_face/src/face_detection/cropped_faces/s33/s33_13.jpg.jpg;1
/Users/bj/LBPH/bj_face/src/face_detection/cropped_faces/s33/s33_03.jpg.jpg;1
/Users/bj/LBPH/bj_face/src/face_detection/cropped_faces/s33/s33_01.jpg.jpg;1
/Users/bj/LBPH/bj_face/src/face_detection/cropped_faces/s33/s33_11.jpg.jpg;1
/Users/bj/LBPH/bj_face/src/face_detection/cropped_faces/s33/s33_08.jpg.jpg;1
/Users/bj/LBPH/bj_face/src/face_detection/cropped_faces/s33/s33_09.jpg.jpg;1
/Users/bj/LBPH/bj_face/src/face_detection/cropped_faces/s33/s33_10.jpg.jpg;1
/Users/bj/LBPH/bj_face/src/face_detection/cropped_faces/s33/s33_05.jpg.jpg;1
/Users/bj/LBPH/bj_face/src/face_detection/cropped_faces/s33/s33_15.jpg.jpg;1
/Users/bj/LBPH/bj_face/src/face_detection/cropped_faces/s33/s33_14.jpg.jpg;1
/Users/bj/LBPH/bj_face/src/face_detection/cropped_faces/s33/s33_04.jpg.jpg;1
/Users/bj/LBPH/bj_face/src/face_detection/cropped_faces/s33/s33_06.jpg.jpg;1
/Users/bj/LBPH/bj_face/src/face_detection/cropped_faces/s33/s33_07.jpg.jpg;1
/Users/bj/LBPH/bj_face/src/face_detection/cropped_faces/s5/s05_14.jpg.jpg;2
/Users/bj/LBPH/bj_face/src/face_detection/cropped_faces/s5/s05_04.jpg.jpg;2
/Users/bj/LBPH/bj_face/src/face_detection/cropped_faces/s5/s05_05.jpg.jpg;2
/Users/bj/LBPH/bj_face/src/face_detection/cropped_faces/s5/s05_15.jpg.jpg;2
/Users/bj/LBPH/bj_face/src/face_detection/cropped_faces/s5/s05_07.jpg.jpg;2
/Users/bj/LBPH/bj_face/src/face_detection/cropped_faces/s5/s05_06.jpg.jpg;2
/Users/bj/LBPH/bj_face/src/face_detection/cropped_faces/s5/s05_13.jpg.jpg;2
/Users/bj/LBPH/bj_face/src/face_detection/cropped_faces/s5/s05_03.jpg.jpg;2
/Users/bj/LBPH/bj_face/src/face_detection/cropped_faces/s5/s05_02.jpg.jpg;2
/Users/bj/LBPH/bj_face/src/face_detection/cropped_faces/s5/s05_12.jpg.jpg;2
/Users/bj/LBPH/bj_face/src/face_detection/cropped_faces/s5/s05_09.jpg.jpg;2
/Users/bj/LBPH/bj_face/src/face_detection/cropped_faces/s5/s05_10.jpg.jpg;2
/Users/bj/LBPH/bj_face/src/face_detection/cropped_faces/s5/s05_01.jpg.jpg;2
/Users/bj/LBPH/bj_face/src/face_detection/cropped_faces/s5/s05_11.jpg.jpg;2
/Users/bj/LBPH/bj_face/src/face_detection/cropped_faces/s5/s05_08.jpg.jpg;2
/Users/bj/LBPH/bj_face/src/face_detection/cropped_faces/s2/s02_06.jpg.jpg;3
/Users/bj/LBPH/bj_face/src/face_detection/cropped_faces/s2/filename.jpg;3
/Users/bj/LBPH/bj_face/src/face_detection/cropped_faces/s2/s02_07.jpg.jpg;3
/Users/bj/LBPH/bj_face/src/face_detection/cropped_faces/s2/s02_15.jpg.jpg;3
/Users/bj/LBPH/bj_face/src/face_detection/cropped_faces/s2/s02_05.jpg.jpg;3
/Users/bj/LBPH/bj_face/src/face_detection/cropped_faces/s2/s02_04.jpg.jpg;3
/Users/bj/LBPH/bj_face/src/face_detection/cropped_faces/s2/s02_14.jpg.jpg;3
/Users/bj/LBPH/bj_face/src/face_detection/cropped_faces/s2/s02_08.jpg.jpg;3
/Users/bj/LBPH/bj_face/src/face_detection/cropped_faces/s2/s02_11.jpg.jpg;3
/Users/bj/LBPH/bj_face/src/face_detection/cropped_faces/s2/s02_01.jpg.jpg;3
/Users/bj/LBPH/bj_face/src/face_detection/cropped_faces/s2/s02_10.jpg.jpg;3
/Users/bj/LBPH/bj_face/src/face_detection/cropped_faces/s2/s02_09.jpg.jpg;3
/Users/bj/LBPH/bj_face/src/face_detection/cropped_faces/s2/s02_12.jpg.jpg;3
/Users/bj/LBPH/bj_face/src/face_detection/cropped_faces/s2/s02_02.jpg.jpg;3
/Users/bj/LBPH/bj_face/src/face_detection/cropped_faces/s2/s02_03.jpg.jpg;3
/Users/bj/LBPH/bj_face/src/face_detection/cropped_faces/s2/s02_13.jpg.jpg;3
/Users/bj/LBPH/bj_face/src/face_detection/cropped_faces/s32/s32_04.jpg.jpg;4
/Users/bj/LBPH/bj_face/src/face_detection/cropped_faces/s32/s32_14.jpg.jpg;4
/Users/bj/LBPH/bj_face/src/face_detection/cropped_faces/s32/s32_15.jpg.jpg;4
/Users/bj/LBPH/bj_face/src/face_detection/cropped_faces/s32/s32_05.jpg.jpg;4
/Users/bj/LBPH/bj_face/src/face_detection/cropped_faces/s32/s32_07.jpg.jpg;4
/Users/bj/LBPH/bj_face/src/face_detection/cropped_faces/s32/s32_06.jpg.jpg;4
/Users/bj/LBPH/bj_face/src/face_detection/cropped_faces/s32/s32_03.jpg.jpg;4
/Users/bj/LBPH/bj_face/src/face_detection/cropped_faces/s32/s32_13.jpg.jpg;4
/Users/bj/LBPH/bj_face/src/face_detection/cropped_faces/s32/s32_12.jpg.jpg;4
/Users/bj/LBPH/bj_face/src/face_detection/cropped_faces/s32/s32_02.jpg.jpg;4
/Users/bj/LBPH/bj_face/src/face_detection/cropped_faces/s32/s32_09.jpg.jpg;4
/Users/bj/LBPH/bj_face/src/face_detection/cropped_faces/s32/s32_10.jpg.jpg;4
/Users/bj/LBPH/bj_face/src/face_detection/cropped_faces/s32/s32_11.jpg.jpg;4
/Users/bj/LBPH/bj_face/src/face_detection/cropped_faces/s32/s32_01.jpg.jpg;4
/Users/bj/LBPH/bj_face/src/face_detection/cropped_faces/s32/s32_08.jpg.jpg;4
/Users/bj/LBPH/bj_face/src/face_detection/cropped_faces/s35/s35_06.jpg.jpg;5
/Users/bj/LBPH/bj_face/src/face_detection/cropped_faces/s35/s35_07.jpg.jpg;5
/Users/bj/LBPH/bj_face/src/face_detection/cropped_faces/s35/s35_05.jpg.jpg;5
/Users/bj/LBPH/bj_face/src/face_detection/cropped_faces/s35/s35_15.jpg.jpg;5
/Users/bj/LBPH/bj_face/src/face_detection/cropped_faces/s35/s35_14.jpg.jpg;5
/Users/bj/LBPH/bj_face/src/face_detection/cropped_faces/s35/s35_04.jpg.jpg;5
/Users/bj/LBPH/bj_face/src/face_detection/cropped_faces/s35/s35_08.jpg.jpg;5
/Users/bj/LBPH/bj_face/src/face_detection/cropped_faces/s35/s35_01.jpg.jpg;5
/Users/bj/LBPH/bj_face/src/face_detection/cropped_faces/s35/s35_11.jpg.jpg;5
/Users/bj/LBPH/bj_face/src/face_detection/cropped_faces/s35/s35_10.jpg.jpg;5
/Users/bj/LBPH/bj_face/src/face_detection/cropped_faces/s35/s35_09.jpg.jpg;5
/Users/bj/LBPH/bj_face/src/face_detection/cropped_faces/s35/s35_02.jpg.jpg;5
/Users/bj/LBPH/bj_face/src/face_detection/cropped_faces/s35/s35_12.jpg.jpg;5
/Users/bj/LBPH/bj_face/src/face_detection/cropped_faces/s35/s35_13.jpg.jpg;5
/Users/bj/LBPH/bj_face/src/face_detection/cropped_faces/s35/s35_03.jpg.jpg;5
/Users/bj/LBPH/bj_face/src/face_detection/cropped_faces/s50/s50_14.jpg.jpg;6
/Users/bj/LBPH/bj_face/src/face_detection/cropped_faces/s50/s50_04.jpg.jpg;6
/Users/bj/LBPH/bj_face/src/face_detection/cropped_faces/s50/s50_05.jpg.jpg;6
/Users/bj/LBPH/bj_face/src/face_detection/cropped_faces/s50/s50_15.jpg.jpg;6
/Users/bj/LBPH/bj_face/src/face_detection/cropped_faces/s50/s50_07.jpg.jpg;6
/Users/bj/LBPH/bj_face/src/face_detection/cropped_faces/s50/s50_06.jpg.jpg;6
/Users/bj/LBPH/bj_face/src/face_detection/cropped_faces/s50/s50_13.jpg.jpg;6
/Users/bj/LBPH/bj_face/src/face_detection/cropped_faces/s50/s50_03.jpg.jpg;6
/Users/bj/LBPH/bj_face/src/face_detection/cropped_faces/s50/s50_02.jpg.jpg;6
/Users/bj/LBPH/bj_face/src/face_detection/cropped_faces/s50/s50_12.jpg.jpg;6
/Users/bj/LBPH/bj_face/src/face_detection/cropped_faces/s50/s50_09.jpg.jpg;6
/Users/bj/LBPH/bj_face/src/face_detection/cropped_faces/s50/s50_10.jpg.jpg;6
/Users/bj/LBPH/bj_face/src/face_detection/cropped_faces/s50/s50_01.jpg.jpg;6
/Users/bj/LBPH/bj_face/src/face_detection/cropped_faces/s50/s50_11.jpg.jpg;6
/Users/bj/LBPH/bj_face/src/face_detection/cropped_faces/s50/s50_08.jpg.jpg;6
/Users/bj/LBPH/bj_face/src/face_detection/cropped_faces/s3/s03_10.jpg.jpg;7
/Users/bj/LBPH/bj_face/src/face_detection/cropped_faces/s3/s03_09.jpg.jpg;7
/Users/bj/LBPH/bj_face/src/face_detection/cropped_faces/s3/s03_08.jpg.jpg;7
/Users/bj/LBPH/bj_face/src/face_detection/cropped_faces/s3/s03_01.jpg.jpg;7
/Users/bj/LBPH/bj_face/src/face_detection/cropped_faces/s3/s03_11.jpg.jpg;7
/Users/bj/LBPH/bj_face/src/face_detection/cropped_faces/s3/s03_13.jpg.jpg;7
/Users/bj/LBPH/bj_face/src/face_detection/cropped_faces/s3/s03_03.jpg.jpg;7
/Users/bj/LBPH/bj_face/src/face_detection/cropped_faces/s3/s03_02.jpg.jpg;7
/Users/bj/LBPH/bj_face/src/face_detection/cropped_faces/s3/s03_12.jpg.jpg;7
/Users/bj/LBPH/bj_face/src/face_detection/cropped_faces/s3/s03_07.jpg.jpg;7
/Users/bj/LBPH/bj_face/src/face_detection/cropped_faces/s3/s03_06.jpg.jpg;7
/Users/bj/LBPH/bj_face/src/face_detection/cropped_faces/s3/s03_14.jpg.jpg;7
/Users/bj/LBPH/bj_face/src/face_detection/cropped_faces/s3/s03_04.jpg.jpg;7
/Users/bj/LBPH/bj_face/src/face_detection/cropped_faces/s3/s03_05.jpg.jpg;7
/Users/bj/LBPH/bj_face/src/face_detection/cropped_faces/s3/s03_15.jpg.jpg;7
/Users/bj/LBPH/bj_face/src/face_detection/cropped_faces/s4/s04_12.jpg.jpg;8
/Users/bj/LBPH/bj_face/src/face_detection/cropped_faces/s4/s04_02.jpg.jpg;8
/Users/bj/LBPH/bj_face/src/face_detection/cropped_faces/s4/s04_03.jpg.jpg;8
/Users/bj/LBPH/bj_face/src/face_detection/cropped_faces/s4/s04_13.jpg.jpg;8
/Users/bj/LBPH/bj_face/src/face_detection/cropped_faces/s4/s04_11.jpg.jpg;8
/Users/bj/LBPH/bj_face/src/face_detection/cropped_faces/s4/s04_01.jpg.jpg;8
/Users/bj/LBPH/bj_face/src/face_detection/cropped_faces/s4/s04_08.jpg.jpg;8
/Users/bj/LBPH/bj_face/src/face_detection/cropped_faces/s4/s04_09.jpg.jpg;8
/Users/bj/LBPH/bj_face/src/face_detection/cropped_faces/s4/s04_10.jpg.jpg;8
/Users/bj/LBPH/bj_face/src/face_detection/cropped_faces/s4/s04_15.jpg.jpg;8
/Users/bj/LBPH/bj_face/src/face_detection/cropped_faces/s4/s04_05.jpg.jpg;8
/Users/bj/LBPH/bj_face/src/face_detection/cropped_faces/s4/s04_04.jpg.jpg;8
/Users/bj/LBPH/bj_face/src/face_detection/cropped_faces/s4/s04_14.jpg.jpg;8
/Users/bj/LBPH/bj_face/src/face_detection/cropped_faces/s4/s04_06.jpg.jpg;8
/Users/bj/LBPH/bj_face/src/face_detection/cropped_faces/s4/s04_07.jpg.jpg;8
/Users/bj/LBPH/bj_face/src/face_detection/cropped_faces/s44/s44_05.jpg.jpg;9
/Users/bj/LBPH/bj_face/src/face_detection/cropped_faces/s44/s44_15.jpg.jpg;9
/Users/bj/LBPH/bj_face/src/face_detection/cropped_faces/s44/s44_14.jpg.jpg;9
/Users/bj/LBPH/bj_face/src/face_detection/cropped_faces/s44/s44_04.jpg.jpg;9
/Users/bj/LBPH/bj_face/src/face_detection/cropped_faces/s44/s44_06.jpg.jpg;9
/Users/bj/LBPH/bj_face/src/face_detection/cropped_faces/s44/s44_07.jpg.jpg;9
/Users/bj/LBPH/bj_face/src/face_detection/cropped_faces/s44/s44_02.jpg.jpg;9
/Users/bj/LBPH/bj_face/src/face_detection/cropped_faces/s44/s44_12.jpg.jpg;9
/Users/bj/LBPH/bj_face/src/face_detection/cropped_faces/s44/s44_13.jpg.jpg;9
/Users/bj/LBPH/bj_face/src/face_detection/cropped_faces/s44/s44_03.jpg.jpg;9
/Users/bj/LBPH/bj_face/src/face_detection/cropped_faces/s44/s44_01.jpg.jpg;9
/Users/bj/LBPH/bj_face/src/face_detection/cropped_faces/s44/s44_11.jpg.jpg;9
/Users/bj/LBPH/bj_face/src/face_detection/cropped_faces/s44/s44_08.jpg.jpg;9
/Users/bj/LBPH/bj_face/src/face_detection/cropped_faces/s44/s44_09.jpg.jpg;9
/Users/bj/LBPH/bj_face/src/face_detection/cropped_faces/s44/s44_10.jpg.jpg;9
/Users/bj/LBPH/bj_face/src/face_detection/cropped_faces/s43/s43_07.jpg.jpg;10
/Users/bj/LBPH/bj_face/src/face_detection/cropped_faces/s43/s43_06.jpg.jpg;10
/Users/bj/LBPH/bj_face/src/face_detection/cropped_faces/s43/s43_04.jpg.jpg;10
/Users/bj/LBPH/bj_face/src/face_detection/cropped_faces/s43/s43_14.jpg.jpg;10
/Users/bj/LBPH/bj_face/src/face_detection/cropped_faces/s43/s43_15.jpg.jpg;10
/Users/bj/LBPH/bj_face/src/face_detection/cropped_faces/s43/s43_05.jpg.jpg;10
/Users/bj/LBPH/bj_face/src/face_detection/cropped_faces/s43/s43_10.jpg.jpg;10
/Users/bj/LBPH/bj_face/src/face_detection/cropped_faces/s43/s43_09.jpg.jpg;10
/Users/bj/LBPH/bj_face/src/face_detection/cropped_faces/s43/s43_08.jpg.jpg;10
/Users/bj/LBPH/bj_face/src/face_detection/cropped_faces/s43/s43_11.jpg.jpg;10
/Users/bj/LBPH/bj_face/src/face_detection/cropped_faces/s43/s43_01.jpg.jpg;10
/Users/bj/LBPH/bj_face/src/face_detection/cropped_faces/s43/s43_03.jpg.jpg;10
/Users/bj/LBPH/bj_face/src/face_detection/cropped_faces/s43/s43_13.jpg.jpg;10
/Users/bj/LBPH/bj_face/src/face_detection/cropped_faces/s43/s43_12.jpg.jpg;10
/Users/bj/LBPH/bj_face/src/face_detection/cropped_faces/s43/s43_02.jpg.jpg;10
/Users/bj/LBPH/bj_face/src/face_detection/cropped_faces/s26/s26_15.jpg.jpg;11
/Users/bj/LBPH/bj_face/src/face_detection/cropped_faces/s26/s26_05.jpg.jpg;11
/Users/bj/LBPH/bj_face/src/face_detection/cropped_faces/s26/s26_04.jpg.jpg;11
/Users/bj/LBPH/bj_face/src/face_detection/cropped_faces/s26/s26_14.jpg.jpg;11
/Users/bj/LBPH/bj_face/src/face_detection/cropped_faces/s26/s26_06.jpg.jpg;11
/Users/bj/LBPH/bj_face/src/face_detection/cropped_faces/s26/s26_07.jpg.jpg;11
/Users/bj/LBPH/bj_face/src/face_detection/cropped_faces/s26/s26_12.jpg.jpg;11
/Users/bj/LBPH/bj_face/src/face_detection/cropped_faces/s26/s26_02.jpg.jpg;11
/Users/bj/LBPH/bj_face/src/face_detection/cropped_faces/s26/s26_03.jpg.jpg;11
/Users/bj/LBPH/bj_face/src/face_detection/cropped_faces/s26/s26_13.jpg.jpg;11
/Users/bj/LBPH/bj_face/src/face_detection/cropped_faces/s26/s26_11.jpg.jpg;11
/Users/bj/LBPH/bj_face/src/face_detection/cropped_faces/s26/s26_01.jpg.jpg;11
/Users/bj/LBPH/bj_face/src/face_detection/cropped_faces/s26/s26_08.jpg.jpg;11
/Users/bj/LBPH/bj_face/src/face_detection/cropped_faces/s26/s26_09.jpg.jpg;11
/Users/bj/LBPH/bj_face/src/face_detection/cropped_faces/s26/s26_10.jpg.jpg;11
/Users/bj/LBPH/bj_face/src/face_detection/cropped_faces/s19/s19_14.jpg.jpg;12
/Users/bj/LBPH/bj_face/src/face_detection/cropped_faces/s19/s19_04.jpg.jpg;12
/Users/bj/LBPH/bj_face/src/face_detection/cropped_faces/s19/s19_05.jpg.jpg;12
/Users/bj/LBPH/bj_face/src/face_detection/cropped_faces/s19/s19_15.jpg.jpg;12
/Users/bj/LBPH/bj_face/src/face_detection/cropped_faces/s19/s19_07.jpg.jpg;12
/Users/bj/LBPH/bj_face/src/face_detection/cropped_faces/s19/s19_06.jpg.jpg;12
/Users/bj/LBPH/bj_face/src/face_detection/cropped_faces/s19/s19_13.jpg.jpg;12
/Users/bj/LBPH/bj_face/src/face_detection/cropped_faces/s19/s19_03.jpg.jpg;12
/Users/bj/LBPH/bj_face/src/face_detection/cropped_faces/s19/s19_02.jpg.jpg;12
/Users/bj/LBPH/bj_face/src/face_detection/cropped_faces/s19/s19_12.jpg.jpg;12
/Users/bj/LBPH/bj_face/src/face_detection/cropped_faces/s19/s19_09.jpg.jpg;12
/Users/bj/LBPH/bj_face/src/face_detection/cropped_faces/s19/s19_10.jpg.jpg;12
/Users/bj/LBPH/bj_face/src/face_detection/cropped_faces/s19/s19_01.jpg.jpg;12
/Users/bj/LBPH/bj_face/src/face_detection/cropped_faces/s19/s19_11.jpg.jpg;12
/Users/bj/LBPH/bj_face/src/face_detection/cropped_faces/s19/s19_08.jpg.jpg;12
/Users/bj/LBPH/bj_face/src/face_detection/cropped_faces/s21/s21_07.jpg.jpg;13
/Users/bj/LBPH/bj_face/src/face_detection/cropped_faces/s21/s21_06.jpg.jpg;13
/Users/bj/LBPH/bj_face/src/face_detection/cropped_faces/s21/s21_14.jpg.jpg;13
/Users/bj/LBPH/bj_face/src/face_detection/cropped_faces/s21/s21_04.jpg.jpg;13
/Users/bj/LBPH/bj_face/src/face_detection/cropped_faces/s21/s21_05.jpg.jpg;13
/Users/bj/LBPH/bj_face/src/face_detection/cropped_faces/s21/s21_15.jpg.jpg;13
/Users/bj/LBPH/bj_face/src/face_detection/cropped_faces/s21/s21_10.jpg.jpg;13
/Users/bj/LBPH/bj_face/src/face_detection/cropped_faces/s21/s21_09.jpg.jpg;13
/Users/bj/LBPH/bj_face/src/face_detection/cropped_faces/s21/s21_08.jpg.jpg;13
/Users/bj/LBPH/bj_face/src/face_detection/cropped_faces/s21/s21_01.jpg.jpg;13
/Users/bj/LBPH/bj_face/src/face_detection/cropped_faces/s21/s21_11.jpg.jpg;13
/Users/bj/LBPH/bj_face/src/face_detection/cropped_faces/s21/s21_13.jpg.jpg;13
/Users/bj/LBPH/bj_face/src/face_detection/cropped_faces/s21/s21_03.jpg.jpg;13
/Users/bj/LBPH/bj_face/src/face_detection/cropped_faces/s21/s21_02.jpg.jpg;13
/Users/bj/LBPH/bj_face/src/face_detection/cropped_faces/s21/s21_12.jpg.jpg;13
/Users/bj/LBPH/bj_face/src/face_detection/cropped_faces/s17/s17_08.jpg.jpg;14
/Users/bj/LBPH/bj_face/src/face_detection/cropped_faces/s17/s17_01.jpg.jpg;14
/Users/bj/LBPH/bj_face/src/face_detection/cropped_faces/s17/s17_11.jpg.jpg;14
/Users/bj/LBPH/bj_face/src/face_detection/cropped_faces/s17/s17_10.jpg.jpg;14
/Users/bj/LBPH/bj_face/src/face_detection/cropped_faces/s17/s17_09.jpg.jpg;14
/Users/bj/LBPH/bj_face/src/face_detection/cropped_faces/s17/s17_02.jpg.jpg;14
/Users/bj/LBPH/bj_face/src/face_detection/cropped_faces/s17/s17_12.jpg.jpg;14
/Users/bj/LBPH/bj_face/src/face_detection/cropped_faces/s17/s17_13.jpg.jpg;14
/Users/bj/LBPH/bj_face/src/face_detection/cropped_faces/s17/s17_03.jpg.jpg;14
/Users/bj/LBPH/bj_face/src/face_detection/cropped_faces/s17/s17_06.jpg.jpg;14
/Users/bj/LBPH/bj_face/src/face_detection/cropped_faces/s17/s17_07.jpg.jpg;14
/Users/bj/LBPH/bj_face/src/face_detection/cropped_faces/s17/s17_05.jpg.jpg;14
/Users/bj/LBPH/bj_face/src/face_detection/cropped_faces/s17/s17_15.jpg.jpg;14
/Users/bj/LBPH/bj_face/src/face_detection/cropped_faces/s17/s17_14.jpg.jpg;14
/Users/bj/LBPH/bj_face/src/face_detection/cropped_faces/s17/s17_04.jpg.jpg;14
/Users/bj/LBPH/bj_face/src/face_detection/cropped_faces/s28/s28_10.jpg.jpg;15
/Users/bj/LBPH/bj_face/src/face_detection/cropped_faces/s28/s28_09.jpg.jpg;15
/Users/bj/LBPH/bj_face/src/face_detection/cropped_faces/s28/s28_08.jpg.jpg;15
/Users/bj/LBPH/bj_face/src/face_detection/cropped_faces/s28/s28_11.jpg.jpg;15
/Users/bj/LBPH/bj_face/src/face_detection/cropped_faces/s28/s28_01.jpg.jpg;15
/Users/bj/LBPH/bj_face/src/face_detection/cropped_faces/s28/s28_03.jpg.jpg;15
/Users/bj/LBPH/bj_face/src/face_detection/cropped_faces/s28/s28_13.jpg.jpg;15
/Users/bj/LBPH/bj_face/src/face_detection/cropped_faces/s28/s28_12.jpg.jpg;15
/Users/bj/LBPH/bj_face/src/face_detection/cropped_faces/s28/s28_02.jpg.jpg;15
/Users/bj/LBPH/bj_face/src/face_detection/cropped_faces/s28/s28_07.jpg.jpg;15
/Users/bj/LBPH/bj_face/src/face_detection/cropped_faces/s28/s28_06.jpg.jpg;15
/Users/bj/LBPH/bj_face/src/face_detection/cropped_faces/s28/s28_04.jpg.jpg;15
/Users/bj/LBPH/bj_face/src/face_detection/cropped_faces/s28/s28_14.jpg.jpg;15
/Users/bj/LBPH/bj_face/src/face_detection/cropped_faces/s28/s28_15.jpg.jpg;15
/Users/bj/LBPH/bj_face/src/face_detection/cropped_faces/s28/s28_05.jpg.jpg;15
/Users/bj/LBPH/bj_face/src/face_detection/cropped_faces/s10/s10_03.jpg.jpg;16
/Users/bj/LBPH/bj_face/src/face_detection/cropped_faces/s10/s10_13.jpg.jpg;16
/Users/bj/LBPH/bj_face/src/face_detection/cropped_faces/s10/s10_12.jpg.jpg;16
/Users/bj/LBPH/bj_face/src/face_detection/cropped_faces/s10/s10_02.jpg.jpg;16
/Users/bj/LBPH/bj_face/src/face_detection/cropped_faces/s10/s10_09.jpg.jpg;16
/Users/bj/LBPH/bj_face/src/face_detection/cropped_faces/s10/s10_10.jpg.jpg;16
/Users/bj/LBPH/bj_face/src/face_detection/cropped_faces/s10/s10_11.jpg.jpg;16
/Users/bj/LBPH/bj_face/src/face_detection/cropped_faces/s10/s10_01.jpg.jpg;16
/Users/bj/LBPH/bj_face/src/face_detection/cropped_faces/s10/s10_08.jpg.jpg;16
/Users/bj/LBPH/bj_face/src/face_detection/cropped_faces/s10/s10_04.jpg.jpg;16
/Users/bj/LBPH/bj_face/src/face_detection/cropped_faces/s10/s10_14.jpg.jpg;16
/Users/bj/LBPH/bj_face/src/face_detection/cropped_faces/s10/s10_15.jpg.jpg;16
/Users/bj/LBPH/bj_face/src/face_detection/cropped_faces/s10/s10_05.jpg.jpg;16
/Users/bj/LBPH/bj_face/src/face_detection/cropped_faces/s10/s10_07.jpg.jpg;16
/Users/bj/LBPH/bj_face/src/face_detection/cropped_faces/s10/s10_06.jpg.jpg;16
/Users/bj/LBPH/bj_face/src/face_detection/cropped_faces/s42/s42_08.jpg.jpg;17
/Users/bj/LBPH/bj_face/src/face_detection/cropped_faces/s42/s42_01.jpg.jpg;17
/Users/bj/LBPH/bj_face/src/face_detection/cropped_faces/s42/s42_11.jpg.jpg;17
/Users/bj/LBPH/bj_face/src/face_detection/cropped_faces/s42/s42_10.jpg.jpg;17
/Users/bj/LBPH/bj_face/src/face_detection/cropped_faces/s42/s42_09.jpg.jpg;17
/Users/bj/LBPH/bj_face/src/face_detection/cropped_faces/s42/s42_02.jpg.jpg;17
/Users/bj/LBPH/bj_face/src/face_detection/cropped_faces/s42/s42_12.jpg.jpg;17
/Users/bj/LBPH/bj_face/src/face_detection/cropped_faces/s42/s42_13.jpg.jpg;17
/Users/bj/LBPH/bj_face/src/face_detection/cropped_faces/s42/s42_03.jpg.jpg;17
/Users/bj/LBPH/bj_face/src/face_detection/cropped_faces/s42/s42_06.jpg.jpg;17
/Users/bj/LBPH/bj_face/src/face_detection/cropped_faces/s42/s42_07.jpg.jpg;17
/Users/bj/LBPH/bj_face/src/face_detection/cropped_faces/s42/s42_05.jpg.jpg;17
/Users/bj/LBPH/bj_face/src/face_detection/cropped_faces/s42/s42_15.jpg.jpg;17
/Users/bj/LBPH/bj_face/src/face_detection/cropped_faces/s42/s42_14.jpg.jpg;17
/Users/bj/LBPH/bj_face/src/face_detection/cropped_faces/s42/s42_04.jpg.jpg;17
/Users/bj/LBPH/bj_face/src/face_detection/cropped_faces/s45/s45_03.jpg.jpg;18
/Users/bj/LBPH/bj_face/src/face_detection/cropped_faces/s45/s45_13.jpg.jpg;18
/Users/bj/LBPH/bj_face/src/face_detection/cropped_faces/s45/s45_12.jpg.jpg;18
/Users/bj/LBPH/bj_face/src/face_detection/cropped_faces/s45/s45_02.jpg.jpg;18
/Users/bj/LBPH/bj_face/src/face_detection/cropped_faces/s45/s45_09.jpg.jpg;18
/Users/bj/LBPH/bj_face/src/face_detection/cropped_faces/s45/s45_10.jpg.jpg;18
/Users/bj/LBPH/bj_face/src/face_detection/cropped_faces/s45/s45_11.jpg.jpg;18
/Users/bj/LBPH/bj_face/src/face_detection/cropped_faces/s45/s45_01.jpg.jpg;18
/Users/bj/LBPH/bj_face/src/face_detection/cropped_faces/s45/s45_08.jpg.jpg;18
/Users/bj/LBPH/bj_face/src/face_detection/cropped_faces/s45/s45_04.jpg.jpg;18
/Users/bj/LBPH/bj_face/src/face_detection/cropped_faces/s45/s45_14.jpg.jpg;18
/Users/bj/LBPH/bj_face/src/face_detection/cropped_faces/s45/s45_15.jpg.jpg;18
/Users/bj/LBPH/bj_face/src/face_detection/cropped_faces/s45/s45_05.jpg.jpg;18
/Users/bj/LBPH/bj_face/src/face_detection/cropped_faces/s45/s45_07.jpg.jpg;18
/Users/bj/LBPH/bj_face/src/face_detection/cropped_faces/s45/s45_06.jpg.jpg;18
/Users/bj/LBPH/bj_face/src/face_detection/cropped_faces/s11/s11_05.jpg.jpg;19
/Users/bj/LBPH/bj_face/src/face_detection/cropped_faces/s11/s11_15.jpg.jpg;19
/Users/bj/LBPH/bj_face/src/face_detection/cropped_faces/s11/s11_14.jpg.jpg;19
/Users/bj/LBPH/bj_face/src/face_detection/cropped_faces/s11/s11_04.jpg.jpg;19
/Users/bj/LBPH/bj_face/src/face_detection/cropped_faces/s11/s11_06.jpg.jpg;19
/Users/bj/LBPH/bj_face/src/face_detection/cropped_faces/s11/s11_07.jpg.jpg;19
/Users/bj/LBPH/bj_face/src/face_detection/cropped_faces/s11/s11_02.jpg.jpg;19
/Users/bj/LBPH/bj_face/src/face_detection/cropped_faces/s11/s11_12.jpg.jpg;19
/Users/bj/LBPH/bj_face/src/face_detection/cropped_faces/s11/s11_13.jpg.jpg;19
/Users/bj/LBPH/bj_face/src/face_detection/cropped_faces/s11/s11_03.jpg.jpg;19
/Users/bj/LBPH/bj_face/src/face_detection/cropped_faces/s11/s11_01.jpg.jpg;19
/Users/bj/LBPH/bj_face/src/face_detection/cropped_faces/s11/s11_11.jpg.jpg;19
/Users/bj/LBPH/bj_face/src/face_detection/cropped_faces/s11/s11_08.jpg.jpg;19
/Users/bj/LBPH/bj_face/src/face_detection/cropped_faces/s11/s11_09.jpg.jpg;19
/Users/bj/LBPH/bj_face/src/face_detection/cropped_faces/s11/s11_10.jpg.jpg;19
/Users/bj/LBPH/bj_face/src/face_detection/cropped_faces/s16/s16_07.jpg.jpg;20
/Users/bj/LBPH/bj_face/src/face_detection/cropped_faces/s16/s16_06.jpg.jpg;20
/Users/bj/LBPH/bj_face/src/face_detection/cropped_faces/s16/s16_04.jpg.jpg;20
/Users/bj/LBPH/bj_face/src/face_detection/cropped_faces/s16/s16_14.jpg.jpg;20
/Users/bj/LBPH/bj_face/src/face_detection/cropped_faces/s16/s16_15.jpg.jpg;20
/Users/bj/LBPH/bj_face/src/face_detection/cropped_faces/s16/s16_05.jpg.jpg;20
/Users/bj/LBPH/bj_face/src/face_detection/cropped_faces/s16/s16_10.jpg.jpg;20
/Users/bj/LBPH/bj_face/src/face_detection/cropped_faces/s16/s16_09.jpg.jpg;20
/Users/bj/LBPH/bj_face/src/face_detection/cropped_faces/s16/s16_08.jpg.jpg;20
/Users/bj/LBPH/bj_face/src/face_detection/cropped_faces/s16/s16_11.jpg.jpg;20
/Users/bj/LBPH/bj_face/src/face_detection/cropped_faces/s16/s16_01.jpg.jpg;20
/Users/bj/LBPH/bj_face/src/face_detection/cropped_faces/s16/s16_03.jpg.jpg;20
/Users/bj/LBPH/bj_face/src/face_detection/cropped_faces/s16/s16_13.jpg.jpg;20
/Users/bj/LBPH/bj_face/src/face_detection/cropped_faces/s16/s16_12.jpg.jpg;20
/Users/bj/LBPH/bj_face/src/face_detection/cropped_faces/s16/s16_02.jpg.jpg;20
/Users/bj/LBPH/bj_face/src/face_detection/cropped_faces/s29/s29_06.jpg.jpg;21
/Users/bj/LBPH/bj_face/src/face_detection/cropped_faces/s29/s29_07.jpg.jpg;21
/Users/bj/LBPH/bj_face/src/face_detection/cropped_faces/s29/s29_05.jpg.jpg;21
/Users/bj/LBPH/bj_face/src/face_detection/cropped_faces/s29/s29_15.jpg.jpg;21
/Users/bj/LBPH/bj_face/src/face_detection/cropped_faces/s29/s29_14.jpg.jpg;21
/Users/bj/LBPH/bj_face/src/face_detection/cropped_faces/s29/s29_04.jpg.jpg;21
/Users/bj/LBPH/bj_face/src/face_detection/cropped_faces/s29/s29_08.jpg.jpg;21
/Users/bj/LBPH/bj_face/src/face_detection/cropped_faces/s29/s29_01.jpg.jpg;21
/Users/bj/LBPH/bj_face/src/face_detection/cropped_faces/s29/s29_11.jpg.jpg;21
/Users/bj/LBPH/bj_face/src/face_detection/cropped_faces/s29/s29_10.jpg.jpg;21
/Users/bj/LBPH/bj_face/src/face_detection/cropped_faces/s29/s29_09.jpg.jpg;21
/Users/bj/LBPH/bj_face/src/face_detection/cropped_faces/s29/s29_02.jpg.jpg;21
/Users/bj/LBPH/bj_face/src/face_detection/cropped_faces/s29/s29_12.jpg.jpg;21
/Users/bj/LBPH/bj_face/src/face_detection/cropped_faces/s29/s29_13.jpg.jpg;21
/Users/bj/LBPH/bj_face/src/face_detection/cropped_faces/s29/s29_03.jpg.jpg;21
/Users/bj/LBPH/bj_face/src/face_detection/cropped_faces/s20/s20_08.jpg.jpg;22
/Users/bj/LBPH/bj_face/src/face_detection/cropped_faces/s20/s20_11.jpg.jpg;22
/Users/bj/LBPH/bj_face/src/face_detection/cropped_faces/s20/s20_01.jpg.jpg;22
/Users/bj/LBPH/bj_face/src/face_detection/cropped_faces/s20/s20_10.jpg.jpg;22
/Users/bj/LBPH/bj_face/src/face_detection/cropped_faces/s20/s20_09.jpg.jpg;22
/Users/bj/LBPH/bj_face/src/face_detection/cropped_faces/s20/s20_12.jpg.jpg;22
/Users/bj/LBPH/bj_face/src/face_detection/cropped_faces/s20/s20_02.jpg.jpg;22
/Users/bj/LBPH/bj_face/src/face_detection/cropped_faces/s20/s20_03.jpg.jpg;22
/Users/bj/LBPH/bj_face/src/face_detection/cropped_faces/s20/s20_13.jpg.jpg;22
/Users/bj/LBPH/bj_face/src/face_detection/cropped_faces/s20/s20_06.jpg.jpg;22
/Users/bj/LBPH/bj_face/src/face_detection/cropped_faces/s20/s20_07.jpg.jpg;22
/Users/bj/LBPH/bj_face/src/face_detection/cropped_faces/s20/s20_15.jpg.jpg;22
/Users/bj/LBPH/bj_face/src/face_detection/cropped_faces/s20/s20_05.jpg.jpg;22
/Users/bj/LBPH/bj_face/src/face_detection/cropped_faces/s20/s20_04.jpg.jpg;22
/Users/bj/LBPH/bj_face/src/face_detection/cropped_faces/s20/s20_14.jpg.jpg;22
/Users/bj/LBPH/bj_face/src/face_detection/cropped_faces/s27/s27_13.jpg.jpg;23
/Users/bj/LBPH/bj_face/src/face_detection/cropped_faces/s27/s27_03.jpg.jpg;23
/Users/bj/LBPH/bj_face/src/face_detection/cropped_faces/s27/s27_02.jpg.jpg;23
/Users/bj/LBPH/bj_face/src/face_detection/cropped_faces/s27/s27_12.jpg.jpg;23
/Users/bj/LBPH/bj_face/src/face_detection/cropped_faces/s27/s27_09.jpg.jpg;23
/Users/bj/LBPH/bj_face/src/face_detection/cropped_faces/s27/s27_10.jpg.jpg;23
/Users/bj/LBPH/bj_face/src/face_detection/cropped_faces/s27/s27_01.jpg.jpg;23
/Users/bj/LBPH/bj_face/src/face_detection/cropped_faces/s27/s27_11.jpg.jpg;23
/Users/bj/LBPH/bj_face/src/face_detection/cropped_faces/s27/s27_08.jpg.jpg;23
/Users/bj/LBPH/bj_face/src/face_detection/cropped_faces/s27/s27_14.jpg.jpg;23
/Users/bj/LBPH/bj_face/src/face_detection/cropped_faces/s27/s27_04.jpg.jpg;23
/Users/bj/LBPH/bj_face/src/face_detection/cropped_faces/s27/s27_05.jpg.jpg;23
/Users/bj/LBPH/bj_face/src/face_detection/cropped_faces/s27/s27_15.jpg.jpg;23
/Users/bj/LBPH/bj_face/src/face_detection/cropped_faces/s27/s27_07.jpg.jpg;23
/Users/bj/LBPH/bj_face/src/face_detection/cropped_faces/s27/s27_06.jpg.jpg;23
/Users/bj/LBPH/bj_face/src/face_detection/cropped_faces/s18/s18_12.jpg.jpg;24
/Users/bj/LBPH/bj_face/src/face_detection/cropped_faces/s18/s18_02.jpg.jpg;24
/Users/bj/LBPH/bj_face/src/face_detection/cropped_faces/s18/s18_03.jpg.jpg;24
/Users/bj/LBPH/bj_face/src/face_detection/cropped_faces/s18/s18_13.jpg.jpg;24
/Users/bj/LBPH/bj_face/src/face_detection/cropped_faces/s18/s18_11.jpg.jpg;24
/Users/bj/LBPH/bj_face/src/face_detection/cropped_faces/s18/s18_01.jpg.jpg;24
/Users/bj/LBPH/bj_face/src/face_detection/cropped_faces/s18/s18_08.jpg.jpg;24
/Users/bj/LBPH/bj_face/src/face_detection/cropped_faces/s18/s18_09.jpg.jpg;24
/Users/bj/LBPH/bj_face/src/face_detection/cropped_faces/s18/s18_10.jpg.jpg;24
/Users/bj/LBPH/bj_face/src/face_detection/cropped_faces/s18/s18_15.jpg.jpg;24
/Users/bj/LBPH/bj_face/src/face_detection/cropped_faces/s18/s18_05.jpg.jpg;24
/Users/bj/LBPH/bj_face/src/face_detection/cropped_faces/s18/s18_04.jpg.jpg;24
/Users/bj/LBPH/bj_face/src/face_detection/cropped_faces/s18/s18_14.jpg.jpg;24
/Users/bj/LBPH/bj_face/src/face_detection/cropped_faces/s18/s18_06.jpg.jpg;24
/Users/bj/LBPH/bj_face/src/face_detection/cropped_faces/s18/s18_07.jpg.jpg;24
/Users/bj/LBPH/bj_face/src/face_detection/cropped_faces/s8/s08_14.jpg.jpg;25
/Users/bj/LBPH/bj_face/src/face_detection/cropped_faces/s8/s08_04.jpg.jpg;25
/Users/bj/LBPH/bj_face/src/face_detection/cropped_faces/s8/s08_05.jpg.jpg;25
/Users/bj/LBPH/bj_face/src/face_detection/cropped_faces/s8/s08_15.jpg.jpg;25
/Users/bj/LBPH/bj_face/src/face_detection/cropped_faces/s8/s08_07.jpg.jpg;25
/Users/bj/LBPH/bj_face/src/face_detection/cropped_faces/s8/s08_06.jpg.jpg;25
/Users/bj/LBPH/bj_face/src/face_detection/cropped_faces/s8/s08_13.jpg.jpg;25
/Users/bj/LBPH/bj_face/src/face_detection/cropped_faces/s8/s08_03.jpg.jpg;25
/Users/bj/LBPH/bj_face/src/face_detection/cropped_faces/s8/s08_02.jpg.jpg;25
/Users/bj/LBPH/bj_face/src/face_detection/cropped_faces/s8/s08_12.jpg.jpg;25
/Users/bj/LBPH/bj_face/src/face_detection/cropped_faces/s8/s08_10.jpg.jpg;25
/Users/bj/LBPH/bj_face/src/face_detection/cropped_faces/s8/s08_09.jpg.jpg;25
/Users/bj/LBPH/bj_face/src/face_detection/cropped_faces/s8/s08_08.jpg.jpg;25
/Users/bj/LBPH/bj_face/src/face_detection/cropped_faces/s8/s08_01.jpg.jpg;25
/Users/bj/LBPH/bj_face/src/face_detection/cropped_faces/s8/s08_11.jpg.jpg;25
/Users/bj/LBPH/bj_face/src/face_detection/cropped_faces/s1/s01_03.jpg.jpg;26
/Users/bj/LBPH/bj_face/src/face_detection/cropped_faces/s1/s01_13.jpg.jpg;26
/Users/bj/LBPH/bj_face/src/face_detection/cropped_faces/s1/s01_12.jpg.jpg;26
/Users/bj/LBPH/bj_face/src/face_detection/cropped_faces/s1/s01_02.jpg.jpg;26
/Users/bj/LBPH/bj_face/src/face_detection/cropped_faces/s1/s01_10.jpg.jpg;26
/Users/bj/LBPH/bj_face/src/face_detection/cropped_faces/s1/s01_09.jpg.jpg;26
/Users/bj/LBPH/bj_face/src/face_detection/cropped_faces/s1/s01_08.jpg.jpg;26
/Users/bj/LBPH/bj_face/src/face_detection/cropped_faces/s1/s01_11.jpg.jpg;26
/Users/bj/LBPH/bj_face/src/face_detection/cropped_faces/s1/s01_01.jpg.jpg;26
/Users/bj/LBPH/bj_face/src/face_detection/cropped_faces/s1/s01_04.jpg.jpg;26
/Users/bj/LBPH/bj_face/src/face_detection/cropped_faces/s1/s01_14.jpg.jpg;26
/Users/bj/LBPH/bj_face/src/face_detection/cropped_faces/s1/s01_15.jpg.jpg;26
/Users/bj/LBPH/bj_face/src/face_detection/cropped_faces/s1/s01_05.jpg.jpg;26
/Users/bj/LBPH/bj_face/src/face_detection/cropped_faces/s1/s01_07.jpg.jpg;26
/Users/bj/LBPH/bj_face/src/face_detection/cropped_faces/s1/s01_06.jpg.jpg;26
/Users/bj/LBPH/bj_face/src/face_detection/cropped_faces/s6/s06_01.jpg.jpg;27
/Users/bj/LBPH/bj_face/src/face_detection/cropped_faces/s6/s06_11.jpg.jpg;27
/Users/bj/LBPH/bj_face/src/face_detection/cropped_faces/s6/s06_08.jpg.jpg;27
/Users/bj/LBPH/bj_face/src/face_detection/cropped_faces/s6/s06_09.jpg.jpg;27
/Users/bj/LBPH/bj_face/src/face_detection/cropped_faces/s6/s06_10.jpg.jpg;27
/Users/bj/LBPH/bj_face/src/face_detection/cropped_faces/s6/s06_02.jpg.jpg;27
/Users/bj/LBPH/bj_face/src/face_detection/cropped_faces/s6/s06_12.jpg.jpg;27
/Users/bj/LBPH/bj_face/src/face_detection/cropped_faces/s6/s06_13.jpg.jpg;27
/Users/bj/LBPH/bj_face/src/face_detection/cropped_faces/s6/s06_03.jpg.jpg;27
/Users/bj/LBPH/bj_face/src/face_detection/cropped_faces/s6/s06_06.jpg.jpg;27
/Users/bj/LBPH/bj_face/src/face_detection/cropped_faces/s6/s06_07.jpg.jpg;27
/Users/bj/LBPH/bj_face/src/face_detection/cropped_faces/s6/s06_05.jpg.jpg;27
/Users/bj/LBPH/bj_face/src/face_detection/cropped_faces/s6/s06_15.jpg.jpg;27
/Users/bj/LBPH/bj_face/src/face_detection/cropped_faces/s6/s06_14.jpg.jpg;27
/Users/bj/LBPH/bj_face/src/face_detection/cropped_faces/s6/s06_04.jpg.jpg;27
/Users/bj/LBPH/bj_face/src/face_detection/cropped_faces/s39/s39_09.jpg.jpg;28
/Users/bj/LBPH/bj_face/src/face_detection/cropped_faces/s39/s39_10.jpg.jpg;28
/Users/bj/LBPH/bj_face/src/face_detection/cropped_faces/s39/s39_11.jpg.jpg;28
/Users/bj/LBPH/bj_face/src/face_detection/cropped_faces/s39/s39_01.jpg.jpg;28
/Users/bj/LBPH/bj_face/src/face_detection/cropped_faces/s39/s39_08.jpg.jpg;28
/Users/bj/LBPH/bj_face/src/face_detection/cropped_faces/s39/s39_03.jpg.jpg;28
/Users/bj/LBPH/bj_face/src/face_detection/cropped_faces/s39/s39_13.jpg.jpg;28
/Users/bj/LBPH/bj_face/src/face_detection/cropped_faces/s39/s39_12.jpg.jpg;28
/Users/bj/LBPH/bj_face/src/face_detection/cropped_faces/s39/s39_02.jpg.jpg;28
/Users/bj/LBPH/bj_face/src/face_detection/cropped_faces/s39/s39_07.jpg.jpg;28
/Users/bj/LBPH/bj_face/src/face_detection/cropped_faces/s39/s39_06.jpg.jpg;28
/Users/bj/LBPH/bj_face/src/face_detection/cropped_faces/s39/s39_04.jpg.jpg;28
/Users/bj/LBPH/bj_face/src/face_detection/cropped_faces/s39/s39_14.jpg.jpg;28
/Users/bj/LBPH/bj_face/src/face_detection/cropped_faces/s39/s39_15.jpg.jpg;28
/Users/bj/LBPH/bj_face/src/face_detection/cropped_faces/s39/s39_05.jpg.jpg;28
/Users/bj/LBPH/bj_face/src/face_detection/cropped_faces/s30/s30_07.jpg.jpg;29
/Users/bj/LBPH/bj_face/src/face_detection/cropped_faces/s30/s30_06.jpg.jpg;29
/Users/bj/LBPH/bj_face/src/face_detection/cropped_faces/s30/s30_14.jpg.jpg;29
/Users/bj/LBPH/bj_face/src/face_detection/cropped_faces/s30/s30_04.jpg.jpg;29
/Users/bj/LBPH/bj_face/src/face_detection/cropped_faces/s30/s30_05.jpg.jpg;29
/Users/bj/LBPH/bj_face/src/face_detection/cropped_faces/s30/s30_15.jpg.jpg;29
/Users/bj/LBPH/bj_face/src/face_detection/cropped_faces/s30/s30_09.jpg.jpg;29
/Users/bj/LBPH/bj_face/src/face_detection/cropped_faces/s30/s30_10.jpg.jpg;29
/Users/bj/LBPH/bj_face/src/face_detection/cropped_faces/s30/s30_01.jpg.jpg;29
/Users/bj/LBPH/bj_face/src/face_detection/cropped_faces/s30/s30_11.jpg.jpg;29
/Users/bj/LBPH/bj_face/src/face_detection/cropped_faces/s30/s30_08.jpg.jpg;29
/Users/bj/LBPH/bj_face/src/face_detection/cropped_faces/s30/s30_13.jpg.jpg;29
/Users/bj/LBPH/bj_face/src/face_detection/cropped_faces/s30/s30_03.jpg.jpg;29
/Users/bj/LBPH/bj_face/src/face_detection/cropped_faces/s30/s30_02.jpg.jpg;29
/Users/bj/LBPH/bj_face/src/face_detection/cropped_faces/s30/s30_12.jpg.jpg;29
/Users/bj/LBPH/bj_face/src/face_detection/cropped_faces/s37/s37_15.jpg.jpg;30
/Users/bj/LBPH/bj_face/src/face_detection/cropped_faces/s37/s37_05.jpg.jpg;30
/Users/bj/LBPH/bj_face/src/face_detection/cropped_faces/s37/s37_04.jpg.jpg;30
/Users/bj/LBPH/bj_face/src/face_detection/cropped_faces/s37/s37_14.jpg.jpg;30
/Users/bj/LBPH/bj_face/src/face_detection/cropped_faces/s37/s37_06.jpg.jpg;30
/Users/bj/LBPH/bj_face/src/face_detection/cropped_faces/s37/s37_07.jpg.jpg;30
/Users/bj/LBPH/bj_face/src/face_detection/cropped_faces/s37/s37_12.jpg.jpg;30
/Users/bj/LBPH/bj_face/src/face_detection/cropped_faces/s37/s37_02.jpg.jpg;30
/Users/bj/LBPH/bj_face/src/face_detection/cropped_faces/s37/s37_03.jpg.jpg;30
/Users/bj/LBPH/bj_face/src/face_detection/cropped_faces/s37/s37_13.jpg.jpg;30
/Users/bj/LBPH/bj_face/src/face_detection/cropped_faces/s37/s37_08.jpg.jpg;30
/Users/bj/LBPH/bj_face/src/face_detection/cropped_faces/s37/s37_11.jpg.jpg;30
/Users/bj/LBPH/bj_face/src/face_detection/cropped_faces/s37/s37_01.jpg.jpg;30
/Users/bj/LBPH/bj_face/src/face_detection/cropped_faces/s37/s37_10.jpg.jpg;30
/Users/bj/LBPH/bj_face/src/face_detection/cropped_faces/s37/s37_09.jpg.jpg;30
/Users/bj/LBPH/bj_face/src/face_detection/cropped_faces/s7/s07_07.jpg.jpg;31
/Users/bj/LBPH/bj_face/src/face_detection/cropped_faces/s7/s07_06.jpg.jpg;31
/Users/bj/LBPH/bj_face/src/face_detection/cropped_faces/s7/s07_04.jpg.jpg;31
/Users/bj/LBPH/bj_face/src/face_detection/cropped_faces/s7/s07_14.jpg.jpg;31
/Users/bj/LBPH/bj_face/src/face_detection/cropped_faces/s7/s07_15.jpg.jpg;31
/Users/bj/LBPH/bj_face/src/face_detection/cropped_faces/s7/s07_05.jpg.jpg;31
/Users/bj/LBPH/bj_face/src/face_detection/cropped_faces/s7/s07_09.jpg.jpg;31
/Users/bj/LBPH/bj_face/src/face_detection/cropped_faces/s7/s07_10.jpg.jpg;31
/Users/bj/LBPH/bj_face/src/face_detection/cropped_faces/s7/s07_11.jpg.jpg;31
/Users/bj/LBPH/bj_face/src/face_detection/cropped_faces/s7/s07_01.jpg.jpg;31
/Users/bj/LBPH/bj_face/src/face_detection/cropped_faces/s7/s07_08.jpg.jpg;31
/Users/bj/LBPH/bj_face/src/face_detection/cropped_faces/s7/s07_03.jpg.jpg;31
/Users/bj/LBPH/bj_face/src/face_detection/cropped_faces/s7/s07_13.jpg.jpg;31
/Users/bj/LBPH/bj_face/src/face_detection/cropped_faces/s7/s07_12.jpg.jpg;31
/Users/bj/LBPH/bj_face/src/face_detection/cropped_faces/s7/s07_02.jpg.jpg;31
/Users/bj/LBPH/bj_face/src/face_detection/cropped_faces/s9/s09_12.jpg.jpg;32
/Users/bj/LBPH/bj_face/src/face_detection/cropped_faces/s9/s09_02.jpg.jpg;32
/Users/bj/LBPH/bj_face/src/face_detection/cropped_faces/s9/s09_03.jpg.jpg;32
/Users/bj/LBPH/bj_face/src/face_detection/cropped_faces/s9/s09_13.jpg.jpg;32
/Users/bj/LBPH/bj_face/src/face_detection/cropped_faces/s9/s09_08.jpg.jpg;32
/Users/bj/LBPH/bj_face/src/face_detection/cropped_faces/s9/s09_11.jpg.jpg;32
/Users/bj/LBPH/bj_face/src/face_detection/cropped_faces/s9/s09_01.jpg.jpg;32
/Users/bj/LBPH/bj_face/src/face_detection/cropped_faces/s9/s09_10.jpg.jpg;32
/Users/bj/LBPH/bj_face/src/face_detection/cropped_faces/s9/s09_09.jpg.jpg;32
/Users/bj/LBPH/bj_face/src/face_detection/cropped_faces/s9/s09_15.jpg.jpg;32
/Users/bj/LBPH/bj_face/src/face_detection/cropped_faces/s9/s09_05.jpg.jpg;32
/Users/bj/LBPH/bj_face/src/face_detection/cropped_faces/s9/s09_04.jpg.jpg;32
/Users/bj/LBPH/bj_face/src/face_detection/cropped_faces/s9/s09_14.jpg.jpg;32
/Users/bj/LBPH/bj_face/src/face_detection/cropped_faces/s9/s09_06.jpg.jpg;32
/Users/bj/LBPH/bj_face/src/face_detection/cropped_faces/s9/s09_07.jpg.jpg;32
/Users/bj/LBPH/bj_face/src/face_detection/cropped_faces/s36/s36_13.jpg.jpg;33
/Users/bj/LBPH/bj_face/src/face_detection/cropped_faces/s36/s36_03.jpg.jpg;33
/Users/bj/LBPH/bj_face/src/face_detection/cropped_faces/s36/s36_02.jpg.jpg;33
/Users/bj/LBPH/bj_face/src/face_detection/cropped_faces/s36/s36_12.jpg.jpg;33
/Users/bj/LBPH/bj_face/src/face_detection/cropped_faces/s36/s36_10.jpg.jpg;33
/Users/bj/LBPH/bj_face/src/face_detection/cropped_faces/s36/s36_09.jpg.jpg;33
/Users/bj/LBPH/bj_face/src/face_detection/cropped_faces/s36/s36_08.jpg.jpg;33
/Users/bj/LBPH/bj_face/src/face_detection/cropped_faces/s36/s36_01.jpg.jpg;33
/Users/bj/LBPH/bj_face/src/face_detection/cropped_faces/s36/s36_11.jpg.jpg;33
/Users/bj/LBPH/bj_face/src/face_detection/cropped_faces/s36/s36_14.jpg.jpg;33
/Users/bj/LBPH/bj_face/src/face_detection/cropped_faces/s36/s36_04.jpg.jpg;33
/Users/bj/LBPH/bj_face/src/face_detection/cropped_faces/s36/s36_05.jpg.jpg;33
/Users/bj/LBPH/bj_face/src/face_detection/cropped_faces/s36/s36_15.jpg.jpg;33
/Users/bj/LBPH/bj_face/src/face_detection/cropped_faces/s36/s36_07.jpg.jpg;33
/Users/bj/LBPH/bj_face/src/face_detection/cropped_faces/s36/s36_06.jpg.jpg;33
/Users/bj/LBPH/bj_face/src/face_detection/cropped_faces/s31/s31_11.jpg.jpg;34
/Users/bj/LBPH/bj_face/src/face_detection/cropped_faces/s31/s31_01.jpg.jpg;34
/Users/bj/LBPH/bj_face/src/face_detection/cropped_faces/s31/s31_08.jpg.jpg;34
/Users/bj/LBPH/bj_face/src/face_detection/cropped_faces/s31/s31_09.jpg.jpg;34
/Users/bj/LBPH/bj_face/src/face_detection/cropped_faces/s31/s31_10.jpg.jpg;34
/Users/bj/LBPH/bj_face/src/face_detection/cropped_faces/s31/s31_12.jpg.jpg;34
/Users/bj/LBPH/bj_face/src/face_detection/cropped_faces/s31/s31_02.jpg.jpg;34
/Users/bj/LBPH/bj_face/src/face_detection/cropped_faces/s31/s31_03.jpg.jpg;34
/Users/bj/LBPH/bj_face/src/face_detection/cropped_faces/s31/s31_13.jpg.jpg;34
/Users/bj/LBPH/bj_face/src/face_detection/cropped_faces/s31/s31_06.jpg.jpg;34
/Users/bj/LBPH/bj_face/src/face_detection/cropped_faces/s31/s31_07.jpg.jpg;34
/Users/bj/LBPH/bj_face/src/face_detection/cropped_faces/s31/s31_15.jpg.jpg;34
/Users/bj/LBPH/bj_face/src/face_detection/cropped_faces/s31/s31_05.jpg.jpg;34
/Users/bj/LBPH/bj_face/src/face_detection/cropped_faces/s31/s31_04.jpg.jpg;34
/Users/bj/LBPH/bj_face/src/face_detection/cropped_faces/s31/s31_14.jpg.jpg;34
/Users/bj/LBPH/bj_face/src/face_detection/cropped_faces/s38/s38_06.jpg.jpg;35
/Users/bj/LBPH/bj_face/src/face_detection/cropped_faces/s38/s38_07.jpg.jpg;35
/Users/bj/LBPH/bj_face/src/face_detection/cropped_faces/s38/s38_05.jpg.jpg;35
/Users/bj/LBPH/bj_face/src/face_detection/cropped_faces/s38/s38_15.jpg.jpg;35
/Users/bj/LBPH/bj_face/src/face_detection/cropped_faces/s38/s38_14.jpg.jpg;35
/Users/bj/LBPH/bj_face/src/face_detection/cropped_faces/s38/s38_04.jpg.jpg;35
/Users/bj/LBPH/bj_face/src/face_detection/cropped_faces/s38/s38_01.jpg.jpg;35
/Users/bj/LBPH/bj_face/src/face_detection/cropped_faces/s38/s38_11.jpg.jpg;35
/Users/bj/LBPH/bj_face/src/face_detection/cropped_faces/s38/s38_08.jpg.jpg;35
/Users/bj/LBPH/bj_face/src/face_detection/cropped_faces/s38/s38_09.jpg.jpg;35
/Users/bj/LBPH/bj_face/src/face_detection/cropped_faces/s38/s38_10.jpg.jpg;35
/Users/bj/LBPH/bj_face/src/face_detection/cropped_faces/s38/s38_02.jpg.jpg;35
/Users/bj/LBPH/bj_face/src/face_detection/cropped_faces/s38/s38_12.jpg.jpg;35
/Users/bj/LBPH/bj_face/src/face_detection/cropped_faces/s38/s38_13.jpg.jpg;35
/Users/bj/LBPH/bj_face/src/face_detection/cropped_faces/s38/s38_03.jpg.jpg;35
/Users/bj/LBPH/bj_face/src/face_detection/cropped_faces/s22/s22_02.jpg.jpg;36
/Users/bj/LBPH/bj_face/src/face_detection/cropped_faces/s22/s22_12.jpg.jpg;36
/Users/bj/LBPH/bj_face/src/face_detection/cropped_faces/s22/s22_13.jpg.jpg;36
/Users/bj/LBPH/bj_face/src/face_detection/cropped_faces/s22/s22_03.jpg.jpg;36
/Users/bj/LBPH/bj_face/src/face_detection/cropped_faces/s22/s22_08.jpg.jpg;36
/Users/bj/LBPH/bj_face/src/face_detection/cropped_faces/s22/s22_01.jpg.jpg;36
/Users/bj/LBPH/bj_face/src/face_detection/cropped_faces/s22/s22_11.jpg.jpg;36
/Users/bj/LBPH/bj_face/src/face_detection/cropped_faces/s22/s22_10.jpg.jpg;36
/Users/bj/LBPH/bj_face/src/face_detection/cropped_faces/s22/s22_09.jpg.jpg;36
/Users/bj/LBPH/bj_face/src/face_detection/cropped_faces/s22/s22_05.jpg.jpg;36
/Users/bj/LBPH/bj_face/src/face_detection/cropped_faces/s22/s22_15.jpg.jpg;36
/Users/bj/LBPH/bj_face/src/face_detection/cropped_faces/s22/s22_14.jpg.jpg;36
/Users/bj/LBPH/bj_face/src/face_detection/cropped_faces/s22/s22_04.jpg.jpg;36
/Users/bj/LBPH/bj_face/src/face_detection/cropped_faces/s22/s22_06.jpg.jpg;36
/Users/bj/LBPH/bj_face/src/face_detection/cropped_faces/s22/s22_07.jpg.jpg;36
/Users/bj/LBPH/bj_face/src/face_detection/cropped_faces/s25/s25_09.jpg.jpg;37
/Users/bj/LBPH/bj_face/src/face_detection/cropped_faces/s25/s25_10.jpg.jpg;37
/Users/bj/LBPH/bj_face/src/face_detection/cropped_faces/s25/s25_11.jpg.jpg;37
/Users/bj/LBPH/bj_face/src/face_detection/cropped_faces/s25/s25_01.jpg.jpg;37
/Users/bj/LBPH/bj_face/src/face_detection/cropped_faces/s25/s25_08.jpg.jpg;37
/Users/bj/LBPH/bj_face/src/face_detection/cropped_faces/s25/s25_03.jpg.jpg;37
/Users/bj/LBPH/bj_face/src/face_detection/cropped_faces/s25/s25_13.jpg.jpg;37
/Users/bj/LBPH/bj_face/src/face_detection/cropped_faces/s25/s25_12.jpg.jpg;37
/Users/bj/LBPH/bj_face/src/face_detection/cropped_faces/s25/s25_02.jpg.jpg;37
/Users/bj/LBPH/bj_face/src/face_detection/cropped_faces/s25/s25_07.jpg.jpg;37
/Users/bj/LBPH/bj_face/src/face_detection/cropped_faces/s25/s25_06.jpg.jpg;37
/Users/bj/LBPH/bj_face/src/face_detection/cropped_faces/s25/s25_04.jpg.jpg;37
/Users/bj/LBPH/bj_face/src/face_detection/cropped_faces/s25/s25_14.jpg.jpg;37
/Users/bj/LBPH/bj_face/src/face_detection/cropped_faces/s25/s25_15.jpg.jpg;37
/Users/bj/LBPH/bj_face/src/face_detection/cropped_faces/s25/s25_05.jpg.jpg;37
/Users/bj/LBPH/bj_face/src/face_detection/cropped_faces/s13/s13_06.jpg.jpg;38
/Users/bj/LBPH/bj_face/src/face_detection/cropped_faces/s13/s13_07.jpg.jpg;38
/Users/bj/LBPH/bj_face/src/face_detection/cropped_faces/s13/s13_15.jpg.jpg;38
/Users/bj/LBPH/bj_face/src/face_detection/cropped_faces/s13/s13_05.jpg.jpg;38
/Users/bj/LBPH/bj_face/src/face_detection/cropped_faces/s13/s13_04.jpg.jpg;38
/Users/bj/LBPH/bj_face/src/face_detection/cropped_faces/s13/s13_14.jpg.jpg;38
/Users/bj/LBPH/bj_face/src/face_detection/cropped_faces/s13/s13_11.jpg.jpg;38
/Users/bj/LBPH/bj_face/src/face_detection/cropped_faces/s13/s13_01.jpg.jpg;38
/Users/bj/LBPH/bj_face/src/face_detection/cropped_faces/s13/s13_08.jpg.jpg;38
/Users/bj/LBPH/bj_face/src/face_detection/cropped_faces/s13/s13_09.jpg.jpg;38
/Users/bj/LBPH/bj_face/src/face_detection/cropped_faces/s13/s13_10.jpg.jpg;38
/Users/bj/LBPH/bj_face/src/face_detection/cropped_faces/s13/s13_12.jpg.jpg;38
/Users/bj/LBPH/bj_face/src/face_detection/cropped_faces/s13/s13_02.jpg.jpg;38
/Users/bj/LBPH/bj_face/src/face_detection/cropped_faces/s13/s13_03.jpg.jpg;38
/Users/bj/LBPH/bj_face/src/face_detection/cropped_faces/s13/s13_13.jpg.jpg;38
/Users/bj/LBPH/bj_face/src/face_detection/cropped_faces/s14/s14_14.jpg.jpg;39
/Users/bj/LBPH/bj_face/src/face_detection/cropped_faces/s14/s14_04.jpg.jpg;39
/Users/bj/LBPH/bj_face/src/face_detection/cropped_faces/s14/s14_05.jpg.jpg;39
/Users/bj/LBPH/bj_face/src/face_detection/cropped_faces/s14/s14_15.jpg.jpg;39
/Users/bj/LBPH/bj_face/src/face_detection/cropped_faces/s14/s14_07.jpg.jpg;39
/Users/bj/LBPH/bj_face/src/face_detection/cropped_faces/s14/s14_06.jpg.jpg;39
/Users/bj/LBPH/bj_face/src/face_detection/cropped_faces/s14/s14_13.jpg.jpg;39
/Users/bj/LBPH/bj_face/src/face_detection/cropped_faces/s14/s14_03.jpg.jpg;39
/Users/bj/LBPH/bj_face/src/face_detection/cropped_faces/s14/s14_02.jpg.jpg;39
/Users/bj/LBPH/bj_face/src/face_detection/cropped_faces/s14/s14_12.jpg.jpg;39
/Users/bj/LBPH/bj_face/src/face_detection/cropped_faces/s14/s14_10.jpg.jpg;39
/Users/bj/LBPH/bj_face/src/face_detection/cropped_faces/s14/s14_09.jpg.jpg;39
/Users/bj/LBPH/bj_face/src/face_detection/cropped_faces/s14/s14_08.jpg.jpg;39
/Users/bj/LBPH/bj_face/src/face_detection/cropped_faces/s14/s14_01.jpg.jpg;39
/Users/bj/LBPH/bj_face/src/face_detection/cropped_faces/s14/s14_11.jpg.jpg;39
/Users/bj/LBPH/bj_face/src/face_detection/cropped_faces/s40/s40_12.jpg.jpg;40
/Users/bj/LBPH/bj_face/src/face_detection/cropped_faces/s40/s40_02.jpg.jpg;40
/Users/bj/LBPH/bj_face/src/face_detection/cropped_faces/s40/s40_03.jpg.jpg;40
/Users/bj/LBPH/bj_face/src/face_detection/cropped_faces/s40/s40_13.jpg.jpg;40
/Users/bj/LBPH/bj_face/src/face_detection/cropped_faces/s40/s40_08.jpg.jpg;40
/Users/bj/LBPH/bj_face/src/face_detection/cropped_faces/s40/s40_11.jpg.jpg;40
/Users/bj/LBPH/bj_face/src/face_detection/cropped_faces/s40/s40_01.jpg.jpg;40
/Users/bj/LBPH/bj_face/src/face_detection/cropped_faces/s40/s40_10.jpg.jpg;40
/Users/bj/LBPH/bj_face/src/face_detection/cropped_faces/s40/s40_09.jpg.jpg;40
/Users/bj/LBPH/bj_face/src/face_detection/cropped_faces/s40/s40_15.jpg.jpg;40
/Users/bj/LBPH/bj_face/src/face_detection/cropped_faces/s40/s40_05.jpg.jpg;40
/Users/bj/LBPH/bj_face/src/face_detection/cropped_faces/s40/s40_04.jpg.jpg;40
/Users/bj/LBPH/bj_face/src/face_detection/cropped_faces/s40/s40_14.jpg.jpg;40
/Users/bj/LBPH/bj_face/src/face_detection/cropped_faces/s40/s40_06.jpg.jpg;40
/Users/bj/LBPH/bj_face/src/face_detection/cropped_faces/s40/s40_07.jpg.jpg;40
/Users/bj/LBPH/bj_face/src/face_detection/cropped_faces/s47/s47_09.jpg.jpg;41
/Users/bj/LBPH/bj_face/src/face_detection/cropped_faces/s47/s47_10.jpg.jpg;41
/Users/bj/LBPH/bj_face/src/face_detection/cropped_faces/s47/s47_01.jpg.jpg;41
/Users/bj/LBPH/bj_face/src/face_detection/cropped_faces/s47/s47_11.jpg.jpg;41
/Users/bj/LBPH/bj_face/src/face_detection/cropped_faces/s47/s47_08.jpg.jpg;41
/Users/bj/LBPH/bj_face/src/face_detection/cropped_faces/s47/s47_13.jpg.jpg;41
/Users/bj/LBPH/bj_face/src/face_detection/cropped_faces/s47/s47_03.jpg.jpg;41
/Users/bj/LBPH/bj_face/src/face_detection/cropped_faces/s47/s47_02.jpg.jpg;41
/Users/bj/LBPH/bj_face/src/face_detection/cropped_faces/s47/s47_12.jpg.jpg;41
/Users/bj/LBPH/bj_face/src/face_detection/cropped_faces/s47/s47_07.jpg.jpg;41
/Users/bj/LBPH/bj_face/src/face_detection/cropped_faces/s47/s47_06.jpg.jpg;41
/Users/bj/LBPH/bj_face/src/face_detection/cropped_faces/s47/s47_14.jpg.jpg;41
/Users/bj/LBPH/bj_face/src/face_detection/cropped_faces/s47/s47_04.jpg.jpg;41
/Users/bj/LBPH/bj_face/src/face_detection/cropped_faces/s47/s47_05.jpg.jpg;41
/Users/bj/LBPH/bj_face/src/face_detection/cropped_faces/s47/s47_15.jpg.jpg;41
/Users/bj/LBPH/bj_face/src/face_detection/cropped_faces/s49/s49_05.jpg.jpg;42
/Users/bj/LBPH/bj_face/src/face_detection/cropped_faces/s49/s49_15.jpg.jpg;42
/Users/bj/LBPH/bj_face/src/face_detection/cropped_faces/s49/s49_14.jpg.jpg;42
/Users/bj/LBPH/bj_face/src/face_detection/cropped_faces/s49/s49_04.jpg.jpg;42
/Users/bj/LBPH/bj_face/src/face_detection/cropped_faces/s49/s49_06.jpg.jpg;42
/Users/bj/LBPH/bj_face/src/face_detection/cropped_faces/s49/s49_07.jpg.jpg;42
/Users/bj/LBPH/bj_face/src/face_detection/cropped_faces/s49/s49_02.jpg.jpg;42
/Users/bj/LBPH/bj_face/src/face_detection/cropped_faces/s49/s49_12.jpg.jpg;42
/Users/bj/LBPH/bj_face/src/face_detection/cropped_faces/s49/s49_13.jpg.jpg;42
/Users/bj/LBPH/bj_face/src/face_detection/cropped_faces/s49/s49_03.jpg.jpg;42
/Users/bj/LBPH/bj_face/src/face_detection/cropped_faces/s49/s49_08.jpg.jpg;42
/Users/bj/LBPH/bj_face/src/face_detection/cropped_faces/s49/s49_01.jpg.jpg;42
/Users/bj/LBPH/bj_face/src/face_detection/cropped_faces/s49/s49_11.jpg.jpg;42
/Users/bj/LBPH/bj_face/src/face_detection/cropped_faces/s49/s49_10.jpg.jpg;42
/Users/bj/LBPH/bj_face/src/face_detection/cropped_faces/s49/s49_09.jpg.jpg;42
/Users/bj/LBPH/bj_face/src/face_detection/cropped_faces/s15/s15_12.jpg.jpg;43
/Users/bj/LBPH/bj_face/src/face_detection/cropped_faces/s15/s15_02.jpg.jpg;43
/Users/bj/LBPH/bj_face/src/face_detection/cropped_faces/s15/s15_03.jpg.jpg;43
/Users/bj/LBPH/bj_face/src/face_detection/cropped_faces/s15/s15_13.jpg.jpg;43
/Users/bj/LBPH/bj_face/src/face_detection/cropped_faces/s15/s15_08.jpg.jpg;43
/Users/bj/LBPH/bj_face/src/face_detection/cropped_faces/s15/s15_11.jpg.jpg;43
/Users/bj/LBPH/bj_face/src/face_detection/cropped_faces/s15/s15_01.jpg.jpg;43
/Users/bj/LBPH/bj_face/src/face_detection/cropped_faces/s15/s15_10.jpg.jpg;43
/Users/bj/LBPH/bj_face/src/face_detection/cropped_faces/s15/s15_09.jpg.jpg;43
/Users/bj/LBPH/bj_face/src/face_detection/cropped_faces/s15/s15_15.jpg.jpg;43
/Users/bj/LBPH/bj_face/src/face_detection/cropped_faces/s15/s15_05.jpg.jpg;43
/Users/bj/LBPH/bj_face/src/face_detection/cropped_faces/s15/s15_04.jpg.jpg;43
/Users/bj/LBPH/bj_face/src/face_detection/cropped_faces/s15/s15_14.jpg.jpg;43
/Users/bj/LBPH/bj_face/src/face_detection/cropped_faces/s15/s15_06.jpg.jpg;43
/Users/bj/LBPH/bj_face/src/face_detection/cropped_faces/s15/s15_07.jpg.jpg;43
/Users/bj/LBPH/bj_face/src/face_detection/cropped_faces/s12/s12_09.jpg.jpg;44
/Users/bj/LBPH/bj_face/src/face_detection/cropped_faces/s12/s12_10.jpg.jpg;44
/Users/bj/LBPH/bj_face/src/face_detection/cropped_faces/s12/s12_01.jpg.jpg;44
/Users/bj/LBPH/bj_face/src/face_detection/cropped_faces/s12/s12_11.jpg.jpg;44
/Users/bj/LBPH/bj_face/src/face_detection/cropped_faces/s12/s12_08.jpg.jpg;44
/Users/bj/LBPH/bj_face/src/face_detection/cropped_faces/s12/s12_13.jpg.jpg;44
/Users/bj/LBPH/bj_face/src/face_detection/cropped_faces/s12/s12_03.jpg.jpg;44
/Users/bj/LBPH/bj_face/src/face_detection/cropped_faces/s12/s12_02.jpg.jpg;44
/Users/bj/LBPH/bj_face/src/face_detection/cropped_faces/s12/s12_12.jpg.jpg;44
/Users/bj/LBPH/bj_face/src/face_detection/cropped_faces/s12/s12_07.jpg.jpg;44
/Users/bj/LBPH/bj_face/src/face_detection/cropped_faces/s12/s12_06.jpg.jpg;44
/Users/bj/LBPH/bj_face/src/face_detection/cropped_faces/s12/s12_14.jpg.jpg;44
/Users/bj/LBPH/bj_face/src/face_detection/cropped_faces/s12/s12_04.jpg.jpg;44
/Users/bj/LBPH/bj_face/src/face_detection/cropped_faces/s12/s12_05.jpg.jpg;44
/Users/bj/LBPH/bj_face/src/face_detection/cropped_faces/s12/s12_15.jpg.jpg;44
/Users/bj/LBPH/bj_face/src/face_detection/cropped_faces/s24/s24_06.jpg.jpg;45
/Users/bj/LBPH/bj_face/src/face_detection/cropped_faces/s24/s24_07.jpg.jpg;45
/Users/bj/LBPH/bj_face/src/face_detection/cropped_faces/s24/s24_05.jpg.jpg;45
/Users/bj/LBPH/bj_face/src/face_detection/cropped_faces/s24/s24_15.jpg.jpg;45
/Users/bj/LBPH/bj_face/src/face_detection/cropped_faces/s24/s24_14.jpg.jpg;45
/Users/bj/LBPH/bj_face/src/face_detection/cropped_faces/s24/s24_04.jpg.jpg;45
/Users/bj/LBPH/bj_face/src/face_detection/cropped_faces/s24/s24_01.jpg.jpg;45
/Users/bj/LBPH/bj_face/src/face_detection/cropped_faces/s24/s24_11.jpg.jpg;45
/Users/bj/LBPH/bj_face/src/face_detection/cropped_faces/s24/s24_08.jpg.jpg;45
/Users/bj/LBPH/bj_face/src/face_detection/cropped_faces/s24/s24_09.jpg.jpg;45
/Users/bj/LBPH/bj_face/src/face_detection/cropped_faces/s24/s24_10.jpg.jpg;45
/Users/bj/LBPH/bj_face/src/face_detection/cropped_faces/s24/s24_02.jpg.jpg;45
/Users/bj/LBPH/bj_face/src/face_detection/cropped_faces/s24/s24_12.jpg.jpg;45
/Users/bj/LBPH/bj_face/src/face_detection/cropped_faces/s24/s24_13.jpg.jpg;45
/Users/bj/LBPH/bj_face/src/face_detection/cropped_faces/s24/s24_03.jpg.jpg;45
/Users/bj/LBPH/bj_face/src/face_detection/cropped_faces/s23/s23_04.jpg.jpg;46
/Users/bj/LBPH/bj_face/src/face_detection/cropped_faces/s23/s23_14.jpg.jpg;46
/Users/bj/LBPH/bj_face/src/face_detection/cropped_faces/s23/s23_15.jpg.jpg;46
/Users/bj/LBPH/bj_face/src/face_detection/cropped_faces/s23/s23_05.jpg.jpg;46
/Users/bj/LBPH/bj_face/src/face_detection/cropped_faces/s23/s23_07.jpg.jpg;46
/Users/bj/LBPH/bj_face/src/face_detection/cropped_faces/s23/s23_03.jpg.jpg;46
/Users/bj/LBPH/bj_face/src/face_detection/cropped_faces/s23/s23_13.jpg.jpg;46
/Users/bj/LBPH/bj_face/src/face_detection/cropped_faces/s23/s23_02.jpg.jpg;46
/Users/bj/LBPH/bj_face/src/face_detection/cropped_faces/s23/s23_10.jpg.jpg;46
/Users/bj/LBPH/bj_face/src/face_detection/cropped_faces/s23/s23_09.jpg.jpg;46
/Users/bj/LBPH/bj_face/src/face_detection/cropped_faces/s23/s23_08.jpg.jpg;46
/Users/bj/LBPH/bj_face/src/face_detection/cropped_faces/s23/s23_11.jpg.jpg;46
/Users/bj/LBPH/bj_face/src/face_detection/cropped_faces/s23/s23_01.jpg.jpg;46
/Users/bj/LBPH/bj_face/src/face_detection/cropped_faces/s48/s48_03.jpg.jpg;47
/Users/bj/LBPH/bj_face/src/face_detection/cropped_faces/s48/s48_13.jpg.jpg;47
/Users/bj/LBPH/bj_face/src/face_detection/cropped_faces/s48/s48_12.jpg.jpg;47
/Users/bj/LBPH/bj_face/src/face_detection/cropped_faces/s48/s48_02.jpg.jpg;47
/Users/bj/LBPH/bj_face/src/face_detection/cropped_faces/s48/s48_10.jpg.jpg;47
/Users/bj/LBPH/bj_face/src/face_detection/cropped_faces/s48/s48_09.jpg.jpg;47
/Users/bj/LBPH/bj_face/src/face_detection/cropped_faces/s48/s48_08.jpg.jpg;47
/Users/bj/LBPH/bj_face/src/face_detection/cropped_faces/s48/s48_11.jpg.jpg;47
/Users/bj/LBPH/bj_face/src/face_detection/cropped_faces/s48/s48_01.jpg.jpg;47
/Users/bj/LBPH/bj_face/src/face_detection/cropped_faces/s48/s48_04.jpg.jpg;47
/Users/bj/LBPH/bj_face/src/face_detection/cropped_faces/s48/s48_14.jpg.jpg;47
/Users/bj/LBPH/bj_face/src/face_detection/cropped_faces/s48/s48_15.jpg.jpg;47
/Users/bj/LBPH/bj_face/src/face_detection/cropped_faces/s48/s48_05.jpg.jpg;47
/Users/bj/LBPH/bj_face/src/face_detection/cropped_faces/s48/s48_07.jpg.jpg;47
/Users/bj/LBPH/bj_face/src/face_detection/cropped_faces/s48/s48_06.jpg.jpg;47
/Users/bj/LBPH/bj_face/src/face_detection/cropped_faces/s46/s46_06.jpg.jpg;48
/Users/bj/LBPH/bj_face/src/face_detection/cropped_faces/s46/s46_07.jpg.jpg;48
/Users/bj/LBPH/bj_face/src/face_detection/cropped_faces/s46/s46_15.jpg.jpg;48
/Users/bj/LBPH/bj_face/src/face_detection/cropped_faces/s46/s46_05.jpg.jpg;48
/Users/bj/LBPH/bj_face/src/face_detection/cropped_faces/s46/s46_04.jpg.jpg;48
/Users/bj/LBPH/bj_face/src/face_detection/cropped_faces/s46/s46_14.jpg.jpg;48
/Users/bj/LBPH/bj_face/src/face_detection/cropped_faces/s46/s46_11.jpg.jpg;48
/Users/bj/LBPH/bj_face/src/face_detection/cropped_faces/s46/s46_01.jpg.jpg;48
/Users/bj/LBPH/bj_face/src/face_detection/cropped_faces/s46/s46_08.jpg.jpg;48
/Users/bj/LBPH/bj_face/src/face_detection/cropped_faces/s46/s46_09.jpg.jpg;48
/Users/bj/LBPH/bj_face/src/face_detection/cropped_faces/s46/s46_10.jpg.jpg;48
/Users/bj/LBPH/bj_face/src/face_detection/cropped_faces/s46/s46_12.jpg.jpg;48
/Users/bj/LBPH/bj_face/src/face_detection/cropped_faces/s46/s46_02.jpg.jpg;48
/Users/bj/LBPH/bj_face/src/face_detection/cropped_faces/s46/s46_03.jpg.jpg;48
/Users/bj/LBPH/bj_face/src/face_detection/cropped_faces/s46/s46_13.jpg.jpg;48
/Users/bj/LBPH/bj_face/src/face_detection/cropped_faces/s41/s41_14.jpg.jpg;49
/Users/bj/LBPH/bj_face/src/face_detection/cropped_faces/s41/s41_04.jpg.jpg;49
/Users/bj/LBPH/bj_face/src/face_detection/cropped_faces/s41/s41_05.jpg.jpg;49
/Users/bj/LBPH/bj_face/src/face_detection/cropped_faces/s41/s41_15.jpg.jpg;49
/Users/bj/LBPH/bj_face/src/face_detection/cropped_faces/s41/s41_07.jpg.jpg;49
/Users/bj/LBPH/bj_face/src/face_detection/cropped_faces/s41/s41_06.jpg.jpg;49
/Users/bj/LBPH/bj_face/src/face_detection/cropped_faces/s41/s41_13.jpg.jpg;49
/Users/bj/LBPH/bj_face/src/face_detection/cropped_faces/s41/s41_03.jpg.jpg;49
/Users/bj/LBPH/bj_face/src/face_detection/cropped_faces/s41/s41_02.jpg.jpg;49
/Users/bj/LBPH/bj_face/src/face_detection/cropped_faces/s41/s41_12.jpg.jpg;49
/Users/bj/LBPH/bj_face/src/face_detection/cropped_faces/s41/s41_10.jpg.jpg;49
/Users/bj/LBPH/bj_face/src/face_detection/cropped_faces/s41/s41_09.jpg.jpg;49
/Users/bj/LBPH/bj_face/src/face_detection/cropped_faces/s41/s41_08.jpg.jpg;49
/Users/bj/LBPH/bj_face/src/face_detection/cropped_faces/s41/s41_01.jpg.jpg;49
/Users/bj/LBPH/bj_face/src/face_detection/cropped_faces/s41/s41_11.jpg.jpg;49
